login,password,firstName,lastName,streetAddress,zip
Bryan,Bryan,Bryan,Peterson,user2street,5502
Joseph,Joseph,Joseph,Freeman,user3street,5503
Lloyd,Lloyd,Lloyd,Massey,user5street,5505
James,James,James,Harrison,user6street,5506
Harold,Harold,Harold,Murphy,user7street,5507
William,William,William,Williams,user8street,5508
Stanley,Stanley,Stanley,Jones,user9street,5509
Kenneth,Kenneth,Kenneth,Scott,user10street,5510
Dale,Dale,Dale,Moore,user1street,5501